{"cameraMode":{"drawMode":0,"name":"Shaded","section":"Shading Mode"},"sceneLighting":true,"audioPlay":false,"sceneViewState":{"showFog":true,"showMaterialUpdate":false,"showSkybox":true,"showFlares":true,"showImageEffects":true,"showParticleSystems":true,"showVisualEffectGraphs":true,"m_FxEnabled":true},"in2DMode":false,"pivot":{"x":1.6838021278381348,"y":5.4305267333984379,"z":-3.8896210193634035},"rotation":{"x":0.15023784339427949,"y":-0.6342188119888306,"z":0.1274481862783432,"w":0.7476378083229065},"size":12.238983154296875,"orthographic":false}