{"cameraMode":{"drawMode":0,"name":"Shaded","section":"Shading Mode"},"sceneLighting":true,"audioPlay":false,"sceneViewState":{"showFog":true,"showMaterialUpdate":false,"showSkybox":true,"showFlares":true,"showImageEffects":true,"showParticleSystems":true,"showVisualEffectGraphs":true,"m_FxEnabled":true},"in2DMode":false,"pivot":{"x":5.169985294342041,"y":-0.7199192047119141,"z":1.4065024852752686},"rotation":{"x":0.44561558961868288,"y":0.4393010437488556,"z":-0.26711249351501467,"w":0.7328726053237915},"size":6.0895867347717289,"orthographic":false}