{"cameraMode":{"drawMode":0,"name":"Shaded","section":"Shading Mode"},"sceneLighting":false,"audioPlay":false,"sceneViewState":{"showFog":true,"showMaterialUpdate":false,"showSkybox":false,"showFlares":true,"showImageEffects":true,"showParticleSystems":true,"showVisualEffectGraphs":true,"m_FxEnabled":true},"in2DMode":false,"pivot":{"x":0.0038539376109838487,"y":1.842626929283142,"z":0.001971721649169922},"rotation":{"x":0.05501887947320938,"y":0.6605228781700134,"z":-0.04863600805401802,"w":0.7472078800201416},"size":2.357842206954956,"orthographic":true}