{"cameraMode":{"drawMode":0,"name":"Shaded","section":"Shading Mode"},"sceneLighting":true,"audioPlay":false,"sceneViewState":{"showFog":true,"showMaterialUpdate":false,"showSkybox":true,"showFlares":true,"showImageEffects":true,"showParticleSystems":true,"showVisualEffectGraphs":true,"m_FxEnabled":true},"in2DMode":false,"pivot":{"x":-21.998554229736329,"y":4.171045303344727,"z":3.6263885498046877},"rotation":{"x":0.06530484557151795,"y":-0.03859179839491844,"z":0.002540567656978965,"w":0.9971519708633423},"size":42.740299224853519,"orthographic":false}