{"cameraMode":{"drawMode":0,"name":"Shaded","section":"Shading Mode"},"sceneLighting":true,"audioPlay":false,"sceneViewState":{"showFog":true,"showMaterialUpdate":true,"showSkybox":true,"showFlares":true,"showImageEffects":true,"showParticleSystems":true,"showVisualEffectGraphs":true,"m_FxEnabled":true},"in2DMode":false,"pivot":{"x":0.28151923418045046,"y":4.254299163818359,"z":2.0633106231689455},"rotation":{"x":0.05097610130906105,"y":-0.008988150395452977,"z":0.00045867764856666327,"w":0.9986609816551209},"size":8.89526081085205,"orthographic":false}