{"cameraMode":{"drawMode":0,"name":"Shaded","section":"Shading Mode"},"sceneLighting":true,"audioPlay":false,"sceneViewState":{"showFog":true,"showMaterialUpdate":true,"showSkybox":true,"showFlares":true,"showImageEffects":true,"showParticleSystems":true,"showVisualEffectGraphs":true,"m_FxEnabled":true},"in2DMode":false,"pivot":{"x":669.8951416015625,"y":358.4337158203125,"z":-89.16192626953125},"rotation":{"x":0.12117470800876618,"y":0.020843809470534326,"z":-0.0025451984256505968,"w":0.9924101233482361},"size":474.41094970703127,"orthographic":false}