{"cameraMode":{"drawMode":0,"name":"Shaded","section":"Shading Mode"},"sceneLighting":false,"audioPlay":false,"sceneViewState":{"showFog":true,"showMaterialUpdate":false,"showSkybox":false,"showFlares":true,"showImageEffects":true,"showParticleSystems":true,"showVisualEffectGraphs":true,"m_FxEnabled":true},"in2DMode":false,"pivot":{"x":-5.960464477539063e-8,"y":-8.940696716308594e-8,"z":0.17173826694488526},"rotation":{"x":0.23573388159275056,"y":0.14944292604923249,"z":-0.036713846027851108,"w":0.9595602750778198},"size":0.9482560753822327,"orthographic":false}