{"cameraMode":{"drawMode":0,"name":"Shaded","section":"Shading Mode"},"sceneLighting":true,"audioPlay":false,"sceneViewState":{"showFog":true,"showMaterialUpdate":true,"showSkybox":true,"showFlares":true,"showImageEffects":true,"showParticleSystems":true,"showVisualEffectGraphs":true,"m_FxEnabled":false},"in2DMode":false,"pivot":{"x":3.3994548320770265,"y":-12.200309753417969,"z":13.868268013000489},"rotation":{"x":-0.26370781660079958,"y":-0.31968697905540469,"z":0.09334982931613922,"w":-0.9053860902786255},"size":14.032026290893555,"orthographic":false}